word,code
ace,____a_ce______
ache,____a_che_____
act,____a_ct______
add,____a_dd______
ade,____a_de______
aft,____a_ft______
age,____a_ge______
aid,____aid_______
aide,____aide______
ail,____ail_______
aim,____aim_______
air,____air_______
aisle,____aisle_____
ale,____a_le______
all,____a_ll______
alps,____a_lps_____
and,____a_nd______
angst,____a_ngst____
ant,____a_nt______
ape,____a_pe______
apt,____a_pt______
arc,____a_rc______
arch,____a_rch_____
are,____a_re______
arm,____a_rm______
art,____a_rt______
ash,____a_sh______
ask,____a_sk______
ass,____a_ss______
ate,____a_te______
aunt,____aunt______
awn,____awn_______
axe,____a_xe______
babe,___ba_be______
back,___ba_ck______
bad,___ba_d_______
bade,___ba_de______
badge,___ba_dge_____
bag,___ba_g_______
bail,___bail_______
bait,___bait_______
bakes,___ba_kes_____
bald,___ba_ld______
bale,___ba_le______
ball,___ba_ll______
ban,___ba_n_______
band,___ba_nd______
bang,___ba_ng______
bank,___ba_nk______
bar,___ba_r_______
bard,___ba_rd______
bare,___ba_re______
barge,___ba_rge_____
bark,___ba_rk______
barn,___ba_rn______
barre,___ba_rre_____
bas,___ba_s_______
base,___ba_se______
bash,___ba_sh______
bass,___ba_ss______
bat,___ba_t_______
batch,___ba_tch_____
bath,___ba_th______
bathe,___ba_the_____
bay,___bay________
beach,___beach______
bead,___bead_______
beak,___beak_______
beam,___beam_______
bean,___bean_______
bear,___bear_______
beard,___beard______
beast,___beast______
beat,___beat_______
beau,___beau_______
beck,___be_ck______
bed,___be_d_______
bee,___bee________
beech,___beech______
beef,___beef_______
beek,___beek_______
been,___been_______
beep,___beep_______
beer,___beer_______
beet,___beet_______
beg,___be_g_______
beige,___beige______
belch,___be_lch_____
bell,___be_ll______
belle,___be_lle_____
belt,___be_lt______
bench,___be_nch_____
bend,___be_nd______
bent,___be_nt______
berth,___be_rth_____
best,___be_st______
bet,___be_t_______
bib,___bi_b_______
bid,___bi_d_______
bide,___bi_de______
big,___bi_g_______
bike,___bi_ke______
bile,___bi_le______
bilge,___bi_lge_____
bill,___bi_ll______
bin,___bi_n_______
bind,___bi_nd______
bing,___bi_ng______
binge,___bi_nge_____
birch,___bi_rch_____
bird,___bi_rd______
birth,___bi_rth_____
bit,___bi_t_______
bitch,___bi_tch_____
bite,___bi_te______
black,__bla_ck______
blade,__bla_de______
blame,__bla_me______
blanch,__bla_nch_____
bland,__bla_nd______
blank,__bla_nk______
blast,__bla_st______
blaze,__bla_ze______
bleak,__bleak_______
bleat,__bleat_______
bled,__ble_d_______
bleed,__bleed_______
bleep,__bleep_______
blend,__ble_nd______
bless,__ble_ss______
blest,__ble_st______
blew,__blew________
blight,__bli_ght_____
blimp,__bli_mp______
blind,__bli_nd______
blink,__bli_nk______
bliss,__bli_ss______
blithe,__bli_the_____
blitz,__bli_tz______
bloat,__bloat_______
blob,__blo_b_______
bloc,__blo_c_______
block,__blo_ck______
bloke,__blo_ke______
blond,__blo_nd______
blood,__blood_______
bloom,__bloom_______
blot,__blo_t_______
blouse,__blouse______
blow,__blow________
blown,__blown_______
blue,__blue________
bluff,__blu_ff______
blunt,__blu_nt______
blur,__blu_r_______
blush,__blu_sh______
boar,___boar_______
board,___board______
boast,___boast______
boat,___boat_______
bob,___bo_b_______
bog,___bo_g_______
boil,___boil_______
bold,___bo_ld______
bolt,___bo_lt______
bomb,___bo_mb______
bond,___bo_nd______
bone,___bo_ne______
bong,___bo_ng______
boo,___boo________
book,___book_______
boom,___boom_______
boon,___boon_______
boost,___boost______
boot,___boot_______
booth,___booth______
booze,___booze______
bop,___bo_p_______
bore,___bo_re______
born,___bo_rn______
borne,___bo_rne_____
boss,___bo_ss______
both,___bo_th______
bough,___bough______
bought,___bought_____
bounce,___bounce_____
bound,___bound______
bout,___bout_______
bow,___bow________
bowl,___bowl_______
box,___bo_x_______
boy,___boy________
brace,__bra_ce______
brad,__bra_d_______
brag,__bra_g_______
braid,__braid_______
braille,__braille_____
brain,__brain_______
brake,__bra_ke______
bran,__bra_n_______
branch,__bra_nch_____
brand,__bra_nd______
brash,__bra_sh______
brass,__bra_ss______
brat,__bra_t_______
brave,__bra_ve______
brawl,__brawl_______
brawn,__brawn_______
breach,__breach______
bread,__bread_______
breadth,__breadth_____
break,__break_______
breast,__breast______
breath,__breath______
breathe,__breathe_____
bred,__bre_d_______
breed,__breed_______
breeze,__breeze______
brew,__brew________
bribe,__bri_be______
brick,__bri_ck______
bride,__bri_de______
bridge,__bri_dge_____
brief,__brief_______
brig,__bri_g_______
bright,__bri_ght_____
brim,__bri_m_______
bring,__bri_ng______
brink,__bri_nk______
brisk,__bri_sk______
broach,__broach______
broad,__broad_______
broil,__broil_______
broke,__bro_ke______
bronze,__bro_nze_____
brooch,__brooch______
brood,__brood_______
brook,__brook_______
broom,__broom_______
broth,__bro_th______
brought,__brought_____
brow,__brow________
brown,__brown_______
bruise,__bruise______
brunt,__bru_nt______
brush,__bru_sh______
brute,__bru_te______
buck,___bu_ck______
bud,___bu_d_______
budge,___bu_dge_____
buff,___bu_ff______
bug,___bu_g_______
build,___build______
built,___built______
bulb,___bu_lb______
bulge,___bu_lge_____
bulk,___bu_lk______
bull,___bu_ll______
bum,___bu_m_______
bump,___bu_mp______
bun,___bu_n_______
bunch,___bu_nch_____
bunk,___bu_nk______
bunt,___bu_nt______
burl,___bu_rl______
burn,___bu_rn______
burnt,___bu_rnt_____
burr,___bu_rr______
burst,___bu_rst_____
bus,___bu_s_______
bush,___bu_sh______
buss,___bu_ss______
bust,___bu_st______
but,___bu_t_______
butt,___bu_tt______
butte,___bu_tte_____
buy,___buy________
buzz,___bu_zz______
by,___by_________
bye,___bye________
cab,___ca_b_______
cache,___ca_che_____
cad,___ca_d_______
cage,___ca_ge______
cake,___ca_ke______
calf,___ca_lf______
call,___ca_ll______
calm,___ca_lm______
cam,___ca_m_______
came,___ca_me______
camp,___ca_mp______
can,___ca_n_______
cane,___ca_ne______
cant,___ca_nt______
cap,___ca_p_______
cape,___ca_pe______
car,___ca_r_______
card,___ca_rd______
care,___ca_re______
cart,___ca_rt______
carve,___ca_rve_____
case,___ca_se______
cash,___ca_sh______
cask,___ca_sk______
cast,___ca_st______
caste,___ca_ste_____
cat,___ca_t_______
catch,___ca_tch_____
caught,___caught_____
cause,___cause______
cave,___ca_ve______
cease,___cease______
cell,___ce_ll______
cent,___ce_nt______
chafe,__cha_fe______
chain,__chain_______
chair,__chair_______
chaise,__chaise______
chalk,__cha_lk______
champ,__cha_mp______
chance,__cha_nce_____
change,__cha_nge_____
chant,__cha_nt______
chap,__cha_p_______
char,__cha_r_______
charge,__cha_rge_____
charm,__cha_rm______
chart,__cha_rt______
chase,__cha_se______
chat,__cha_t_______
chaw,__chaw________
cheap,__cheap_______
cheat,__cheat_______
check,__che_ck______
cheek,__cheek_______
cheer,__cheer_______
cheese,__cheese______
chef,__che_f_______
chess,__che_ss______
chest,__che_st______
chew,__chew________
chic,__chi_c_______
chick,__chi_ck______
chide,__chi_de______
chief,__chief_______
child,__chi_ld______
chill,__chi_ll______
chime,__chi_me______
chin,__chi_n_______
chip,__chi_p_______
chive,__chi_ve______
choice,__choice______
choir,__choir_______
choke,__cho_ke______
chomp,__cho_mp______
choose,__choose______
chop,__cho_p_______
chord,__cho_rd______
chore,__cho_re______
chose,__cho_se______
chow,__chow________
christ,_chri_st______
chrome,_chro_me______
chuck,__chu_ck______
chum,__chu_m_______
chump,__chu_mp______
chunk,__chu_nk______
church,__chu_rch_____
churn,__chu_rn______
chute,__chu_te______
cinch,___ci_nch_____
cite,___ci_te______
clad,__cla_d_______
claim,__claim_______
clam,__cla_m_______
clamp,__cla_mp______
clan,__cla_n_______
clang,__cla_ng______
clap,__cla_p_______
clash,__cla_sh______
class,__cla_ss______
clause,__clause______
claw,__claw________
clay,__clay________
clean,__clean_______
clear,__clear_______
cleat,__cleat_______
cleft,__cle_ft______
clench,__cle_nch_____
clerk,__cle_rk______
click,__cli_ck______
cliff,__cli_ff______
climb,__cli_mb______
clinch,__cli_nch_____
cling,__cli_ng______
clip,__cli_p_______
cloak,__cloak_______
clock,__clo_ck______
clod,__clo_d_______
clog,__clo_g_______
close,__clo_se______
clot,__clo_t_______
cloth,__clo_th______
clothe,__clo_the_____
clots,__clo_ts______
cloud,__cloud_______
clout,__clout_______
clove,__clo_ve______
clown,__clown_______
club,__clu_b_______
cluck,__clu_ck______
clue,__clue________
clump,__clu_mp______
clung,__clu_ng______
clutch,__clu_tch_____
coach,___coach______
coal,___coal_______
coarse,___coarse_____
coast,___coast______
coat,___coat_______
coax,___coax_______
cock,___co_ck______
cod,___co_d_______
code,___co_de______
coil,___coil_______
coin,___coin_______
coke,___co_ke______
cold,___co_ld______
cole,___co_le______
colt,___co_lt______
comb,___co_mb______
come,___co_me______
cone,___co_ne______
cook,___cook_______
cool,___cool_______
coop,___coop_______
cop,___co_p_______
cope,___co_pe______
cord,___co_rd______
core,___co_re______
cork,___co_rk______
corn,___co_rn______
corps,___co_rps_____
corpse,___co_rpse____
cost,___co_st______
cot,___co_t_______
couch,___couch______
cough,___cough______
could,___could______
count,___count______
coup,___coup_______
coupe,___coupe______
course,___course_____
court,___court______
cove,___co_ve______
cow,___cow________
cowl,___cowl_______
cox,___co_x_______
coy,___coy________
crab,__cra_b_______
crack,__cra_ck______
craft,__cra_ft______
crag,__cra_g_______
cram,__cra_m_______
cramp,__cra_mp______
crane,__cra_ne______
crank,__cra_nk______
crap,__cra_p_______
crash,__cra_sh______
crass,__cra_ss______
crate,__cra_te______
crave,__cra_ve______
crawl,__crawl_______
craze,__cra_ze______
creak,__creak_______
cream,__cream_______
crease,__crease______
creche,__cre_che_____
creed,__creed_______
creek,__creek_______
creep,__creep_______
crepe,__cre_pe______
crept,__cre_pt______
crest,__cre_st______
crew,__crew________
crib,__cri_b_______
crime,__cri_me______
crisp,__cri_sp______
croak,__croak_______
crone,__cro_ne______
crook,__crook_______
croon,__croon_______
crop,__cro_p_______
cross,__cro_ss______
crouch,__crouch______
crow,__crow________
crowd,__crowd_______
crown,__crown_______
crude,__cru_de______
cruise,__cruise______
crumb,__cru_mb______
crunch,__cru_nch_____
crush,__cru_sh______
crust,__cru_st______
crutch,__cru_tch_____
crux,__cru_x_______
cry,__cry_________
crypt,__cry_pt______
cub,___cu_b_______
cube,___cu_be______
cud,___cu_d_______
cue,___cue________
cuff,___cu_ff______
cull,___cu_ll______
cult,___cu_lt______
cup,___cu_p_______
cur,___cu_r_______
curb,___cu_rb______
curd,___cu_rd______
cure,___cu_re______
curl,___cu_rl______
curse,___cu_rse_____
curt,___cu_rt______
curve,___cu_rve_____
cusp,___cu_sp______
cut,___cu_t_______
cute,___cu_te______
cyst,___cy_st______
czar,__cza_r_______
dad,___da_d_______
dale,___da_le______
dam,___da_m_______
dame,___da_me______
damn,___da_mn______
damp,___da_mp______
dance,___da_nce_____
dang,___da_ng______
dank,___da_nk______
dare,___da_re______
dark,___da_rk______
darn,___da_rn______
dash,___da_sh______
date,___da_te______
daunt,___daunt______
dawn,___dawn_______
days,___days_______
dead,___dead_______
deaf,___deaf_______
deal,___deal_______
dealt,___dealt______
dean,___dean_______
dear,___dear_______
dearth,___dearth_____
death,___death______
debt,___de_bt______
deck,___de_ck______
deed,___deed_______
deem,___deem_______
deep,___deep_______
deer,___deer_______
deft,___de_ft______
dell,___de_ll______
den,___de_n_______
dense,___de_nse_____
dent,___de_nt______
depth,___de_pth_____
desk,___de_sk______
dial,___dial_______
dice,___di_ce______
dick,___di_ck______
did,___di_d_______
die,___die________
dig,___di_g_______
dike,___di_ke______
dill,___di_ll______
dim,___di_m_______
dime,___di_me______
din,___di_n_______
dine,___di_ne______
dint,___di_nt______
dip,___di_p_______
dire,___di_re______
dirge,___di_rge_____
dirt,___di_rt______
disc,___di_sc______
dish,___di_sh______
disk,___di_sk______
ditch,___di_tch_____
dive,___di_ve______
do,___do_________
dock,___do_ck______
dodge,___do_dge_____
doe,___doe________
does,___does_______
dog,___do_g_______
dole,___do_le______
doll,___do_ll______
dome,___do_me______
done,___do_ne______
doom,___doom_______
door,___door_______
dope,___do_pe______
dork,___do_rk______
dorm,___do_rm______
dose,___do_se______
dost,___do_st______
dots,___do_ts______
doubt,___doubt______
dough,___dough______
dour,___dour_______
douse,___douse______
dove,___do_ve______
dow,___dow________
down,___down_______
drab,__dra_b_______
draft,__dra_ft______
drag,__dra_g_______
drain,__drain_______
drake,__dra_ke______
dram,__dra_m_______
drank,__dra_nk______
drape,__dra_pe______
draught,__draught_____
draw,__draw________
drawl,__drawl_______
drawn,__drawn_______
dread,__dread_______
dream,__dream_______
dreamt,__dreamt______
dress,__dre_ss______
drew,__drew________
drift,__dri_ft______
drill,__dri_ll______
drink,__dri_nk______
drip,__dri_p_______
drive,__dri_ve______
drone,__dro_ne______
droop,__droop_______
drop,__dro_p_______
dross,__dro_ss______
drought,__drought_____
drove,__dro_ve______
drown,__drown_______
drugs,__dru_gs______
drum,__dru_m_______
drunk,__dru_nk______
dry,__dry_________
duck,___du_ck______
duct,___du_ct______
dud,___du_d_______
due,___due________
duel,___duel_______
dug,___du_g_______
duke,___du_ke______
dull,___du_ll______
dumb,___du_mb______
dump,___du_mp______
dun,___du_n_______
dune,___du_ne______
dung,___du_ng______
dunk,___du_nk______
dusk,___du_sk______
dust,___du_st______
dwarf,__dwa_rf______
dwell,__dwe_ll______
dwelt,__dwe_lt______
dyke,___dy_ke______
each,____each______
ear,____ear_______
earl,____earl______
earn,____earn______
earth,____earth_____
ease,____ease______
east,____east______
eat,____eat_______
eave,____eave______
ebb,____e_bb______
edge,____e_dge_____
eel,____eel_______
egg,____e_gg______
eight,____eight_____
eighth,____eighth____
elk,____e_lk______
elm,____e_lm______
else,____e_lse_____
end,____e_nd______
err,____e_rr______
eve,____e_ve______
ewe,____ewe_______
face,___fa_ce______
fact,___fa_ct______
fad,___fa_d_______
fade,___fa_de______
fail,___fail_______
faint,___faint______
fair,___fair_______
faith,___faith______
fake,___fa_ke______
fall,___fa_ll______
false,___fa_lse_____
fame,___fa_me______
fan,___fa_n_______
fang,___fa_ng______
far,___fa_r_______
farce,___fa_rce_____
fare,___fa_re______
farm,___fa_rm______
fast,___fa_st______
fat,___fa_t_______
fate,___fa_te______
fault,___fault______
fawn,___fawn_______
fay,___fay________
faze,___fa_ze______
fear,___fear_______
feast,___feast______
feat,___feat_______
fed,___fe_d_______
fee,___fee________
feed,___feed_______
feel,___feel_______
feet,___feet_______
feint,___feint______
fell,___fe_ll______
felt,___fe_lt______
fen,___fe_n_______
fence,___fe_nce_____
fern,___fe_rn______
fetch,___fe_tch_____
fete,___fe_te______
feud,___feud_______
few,___few________
fiche,___fi_che_____
fiend,___fiend______
fierce,___fierce_____
fife,___fi_fe______
fifth,___fi_fth_____
fig,___fi_g_______
fight,___fi_ght_____
file,___fi_le______
fill,___fi_ll______
film,___fi_lm______
filth,___fi_lth_____
fin,___fi_n_______
find,___fi_nd______
fine,___fi_ne______
fink,___fi_nk______
fir,___fi_r_______
fire,___fi_re______
firm,___fi_rm______
first,___fi_rst_____
fish,___fi_sh______
fist,___fi_st______
fit,___fi_t_______
five,___fi_ve______
fix,___fi_x_______
fixed,___fi_xed_____
flag,__fla_g_______
flail,__flail_______
flair,__flair_______
flake,__fla_ke______
flame,__fla_me______
flange,__fla_nge_____
flank,__fla_nk______
flare,__fla_re______
flask,__fla_sk______
flat,__fla_t_______
flaw,__flaw________
flax,__fla_x_______
flays,__flays_______
flea,__flea________
fleck,__fle_ck______
fled,__fle_d_______
flee,__flee________
fleet,__fleet_______
flesh,__fle_sh______
flew,__flew________
flex,__fle_x_______
flick,__fli_ck______
flight,__fli_ght_____
fling,__fli_ng______
flint,__fli_nt______
flip,__fli_p_______
flirt,__fli_rt______
float,__float_______
flock,__flo_ck______
floe,__floe________
flog,__flo_g_______
flood,__flood_______
floor,__floor_______
flop,__flo_p_______
flour,__flour_______
flow,__flow________
flown,__flown_______
flu,__flu_________
fluff,__flu_ff______
fluke,__flu_ke______
flung,__flu_ng______
flush,__flu_sh______
flute,__flu_te______
flux,__flu_x_______
fly,__fly_________
foal,___foal_______
foam,___foam_______
foe,___foe________
fog,___fo_g_______
foil,___foil_______
foist,___foist______
fold,___fo_ld______
folk,___fo_lk______
fond,___fo_nd______
font,___fo_nt______
food,___food_______
fool,___fool_______
foot,___foot_______
for,___fo_r_______
force,___fo_rce_____
ford,___fo_rd______
fore,___fo_re______
forge,___fo_rge_____
fork,___fo_rk______
form,___fo_rm______
fort,___fo_rt______
forth,___fo_rth_____
fought,___fought_____
foul,___foul_______
found,___found______
four,___four_______
fourth,___fourth_____
fowl,___fowl_______
fox,___fo_x_______
frail,__frail_______
frame,__fra_me______
frank,__fra_nk______
frappe,__fra_ppe_____
fraud,__fraud_______
fray,__fray________
freak,__freak_______
free,__free________
freed,__freed_______
freeze,__freeze______
freight,__freight_____
french,__fre_nch_____
fresh,__fre_sh______
fret,__fre_t_______
friend,__friend______
frieze,__frieze______
fright,__fri_ght_____
frill,__fri_ll______
fringe,__fri_nge_____
frock,__fro_ck______
frog,__fro_g_______
from,__fro_m_______
front,__fro_nt______
frost,__fro_st______
froth,__fro_th______
frown,__frown_______
froze,__fro_ze______
fruit,__fruit_______
fry,__fry_________
fuck,___fu_ck______
fuel,___fuel_______
full,___fu_ll______
fun,___fu_n_______
fund,___fu_nd______
funk,___fu_nk______
fur,___fu_r_______
fuse,___fu_se______
fuss,___fu_ss______
fuzz,___fu_zz______
gab,___ga_b_______
gag,___ga_g_______
gage,___ga_ge______
gain,___gain_______
gait,___gait_______
gal,___ga_l_______
gale,___ga_le______
gall,___ga_ll______
game,___ga_me______
gang,___ga_ng______
gap,___ga_p_______
garb,___ga_rb______
gas,___ga_s_______
gash,___ga_sh______
gasp,___ga_sp______
gate,___ga_te______
gauche,___gauche_____
gauge,___gauge______
gaunt,___gaunt______
gauze,___gauze______
gave,___ga_ve______
gay,___gay________
gaze,___ga_ze______
gear,___gear_______
gee,___gee________
geese,___geese______
gel,___ge_l_______
gem,___ge_m_______
gene,___ge_ne______
germs,___ge_rms_____
get,___ge_t_______
ghost,__gho_st______
ghoul,__ghoul_______
gibe,___gi_be______
gift,___gi_ft______
gig,___gi_g_______
gill,___gi_ll______
gilt,___gi_lt______
gin,___gi_n_______
gird,___gi_rd______
girl,___gi_rl______
girth,___gi_rth_____
gist,___gi_st______
git,___gi_t_______
give,___gi_ve______
glad,__gla_d_______
glance,__gla_nce_____
gland,__gla_nd______
glare,__gla_re______
glass,__gla_ss______
glaze,__gla_ze______
gleam,__gleam_______
glean,__glean_______
glee,__glee________
glen,__gle_n_______
glib,__gli_b_______
glide,__gli_de______
glimpse,__gli_mpse____
glint,__gli_nt______
glitch,__gli_tch_____
gloat,__gloat_______
globe,__glo_be______
gloom,__gloom_______
gloss,__glo_ss______
glove,__glo_ve______
glow,__glow________
glue,__glue________
glum,__glu_m_______
gnaw,__gnaw________
gnome,__gno_me______
go,___go_________
goad,___goad_______
goal,___goal_______
goat,___goat_______
gob,___go_b_______
god,___go_d_______
goes,___goes_______
gold,___go_ld______
golf,___go_lf______
gone,___go_ne______
gong,___go_ng______
good,___good_______
goon,___goon_______
goose,___goose______
gore,___go_re______
gorge,___go_rge_____
gosh,___go_sh______
got,___go_t_______
gouge,___gouge______
gourd,___gourd______
gout,___gout_______
gown,___gown_______
grab,__gra_b_______
grace,__gra_ce______
grad,__gra_d_______
grade,__gra_de______
graft,__gra_ft______
grail,__grail_______
grain,__grain_______
gram,__gra_m_______
grand,__gra_nd______
grant,__gra_nt______
grape,__gra_pe______
graph,__gra_ph______
grasp,__gra_sp______
grass,__gra_ss______
grate,__gra_te______
grave,__gra_ve______
gray,__gray________
grays,__grays_______
graze,__gra_ze______
grease,__grease______
great,__great_______
greed,__greed_______
green,__green_______
greet,__greet_______
grew,__grew________
grey,__grey________
grid,__gri_d_______
grief,__grief_______
grill,__gri_ll______
grille,__gri_lle_____
grim,__gri_m_______
grime,__gri_me______
grin,__gri_n_______
grind,__gri_nd______
grip,__gri_p_______
gripe,__gri_pe______
grist,__gri_st______
grit,__gri_t_______
groan,__groan_______
groat,__groat_______
groin,__groin_______
groom,__groom_______
groove,__groove______
grope,__gro_pe______
gross,__gro_ss______
grouch,__grouch______
ground,__ground______
group,__group_______
grouse,__grouse______
grove,__gro_ve______
grow,__grow________
growl,__growl_______
grown,__grown_______
growth,__growth______
grub,__gru_b_______
grudge,__gru_dge_____
gruff,__gru_ff______
grunt,__gru_nt______
guard,___guard______
guess,___guess______
guest,___guest______
guide,___guide______
guild,___guild______
guile,___guile______
guilt,___guilt______
guise,___guise______
gulf,___gu_lf______
gull,___gu_ll______
gulp,___gu_lp______
gum,___gu_m_______
gun,___gu_n_______
gunk,___gu_nk______
gush,___gu_sh______
gust,___gu_st______
gut,___gu_t_______
guy,___guy________
gym,___gy_m_______
gyp,___gy_p_______
hack,___ha_ck______
had,___ha_d_______
hag,___ha_g_______
hail,___hail_______
hair,___hair_______
hale,___ha_le______
half,___ha_lf______
hall,___ha_ll______
halt,___ha_lt______
ham,___ha_m_______
hand,___ha_nd______
hang,___ha_ng______
hank,___ha_nk______
hard,___ha_rd______
hare,___ha_re______
hark,___ha_rk______
harm,___ha_rm______
harp,___ha_rp______
harsh,___ha_rsh_____
hart,___ha_rt______
has,___ha_s_______
hash,___ha_sh______
hasp,___ha_sp______
haste,___ha_ste_____
hat,___ha_t_______
hatch,___ha_tch_____
hate,___ha_te______
hath,___ha_th______
haul,___haul_______
haunt,___haunt______
have,___ha_ve______
haw,___haw________
hawk,___hawk_______
hay,___hay________
haze,___ha_ze______
head,___head_______
heal,___heal_______
health,___health_____
heap,___heap_______
hear,___hear_______
heard,___heard______
hearse,___hearse_____
heart,___heart______
hearth,___hearth_____
heat,___heat_______
heave,___heave______
heck,___he_ck______
hedge,___he_dge_____
heed,___heed_______
heel,___heel_______
height,___height_____
heir,___heir_______
held,___he_ld______
hell,___he_ll______
helm,___he_lm______
help,___he_lp______
hem,___he_m_______
hen,___he_n_______
hence,___he_nce_____
her,___he_r_______
herb,___he_rb______
herd,___he_rd______
here,___he_re______
hers,___he_rs______
hex,___he_x_______
hey,___hey________
hick,___hi_ck______
hid,___hi_d_______
hide,___hi_de______
high,___hi_gh______
hike,___hi_ke______
hill,___hi_ll______
hilt,___hi_lt______
him,___hi_m_______
hind,___hi_nd______
hinge,___hi_nge_____
hint,___hi_nt______
hip,___hi_p_______
hire,___hi_re______
his,___hi_s_______
hiss,___hi_ss______
hit,___hi_t_______
hitch,___hi_tch_____
hive,___hi_ve______
hoarse,___hoarse_____
hob,___ho_b_______
hoc,___ho_c_______
hoe,___hoe________
hog,___ho_g_______
hoist,___hoist______
hold,___ho_ld______
hole,___ho_le______
home,___ho_me______
hone,___ho_ne______
hooch,___hooch______
hood,___hood_______
hoof,___hoof_______
hook,___hook_______
hoop,___hoop_______
hoot,___hoot_______
hop,___ho_p_______
hope,___ho_pe______
hops,___ho_ps______
horn,___ho_rn______
horse,___ho_rse_____
hose,___ho_se______
host,___ho_st______
hot,___ho_t_______
hound,___hound______
hour,___hour_______
house,___house______
how,___how________
howl,___howl_______
hub,___hu_b_______
huck,___hu_ck______
hue,___hue________
huff,___hu_ff______
hug,___hu_g_______
huge,___hu_ge______
huh,___hu_h_______
hulk,___hu_lk______
hull,___hu_ll______
hum,___hu_m_______
hump,___hu_mp______
hunch,___hu_nch_____
hung,___hu_ng______
hunk,___hu_nk______
hunt,___hu_nt______
hurl,___hu_rl______
hurt,___hu_rt______
hush,___hu_sh______
hut,___hu_t_______
hymn,___hy_mn______
ice,____i_ce______
ill,____i_ll______
inch,____i_nch_____
ink,____i_nk______
inn,____i_nn______
ire,____i_re______
isle,____i_sle_____
itch,____i_tch_____
its,____i_ts______
jab,___ja_b_______
jack,___ja_ck______
jade,___ja_de______
jag,___ja_g_______
jail,___jail_______
jam,___ja_m_______
jape,___ja_pe______
jar,___ja_r_______
jaw,___jaw________
jays,___jays_______
jazz,___ja_zz______
jeans,___jeans______
jeep,___jeep_______
jeer,___jeer_______
jell,___je_ll______
jerk,___je_rk______
jest,___je_st______
jet,___je_t_______
jew,___jew________
jig,___ji_g_______
jinx,___ji_nx______
job,___jo_b_______
jock,___jo_ck______
jog,___jo_g_______
join,___join_______
joint,___joint______
joke,___jo_ke______
jolt,___jo_lt______
jot,___jo_t_______
joust,___joust______
jowl,___jowl_______
joy,___joy________
judge,___ju_dge_____
jug,___ju_g_______
juice,___juice______
juke,___ju_ke______
jump,___ju_mp______
june,___ju_ne______
junk,___ju_nk______
just,___ju_st______
jut,___ju_t_______
jute,___ju_te______
kale,___ka_le______
keel,___keel_______
keen,___keen_______
keep,___keep_______
keg,___ke_g_______
kelp,___ke_lp______
ken,___ke_n_______
kept,___ke_pt______
key,___key________
kick,___ki_ck______
kid,___ki_d_______
kill,___ki_ll______
kilt,___ki_lt______
kin,___ki_n_______
kind,___ki_nd______
king,___ki_ng______
kiss,___ki_ss______
kit,___ki_t_______
kite,___ki_te______
klan,__kla_n_______
knack,__kna_ck______
knead,__knead_______
knee,__knee________
kneel,__kneel_______
knelt,__kne_lt______
knew,__knew________
knife,__kni_fe______
knight,__kni_ght_____
knit,__kni_t_______
knob,__kno_b_______
knock,__kno_ck______
knoll,__kno_ll______
knot,__kno_t_______
know,__know________
known,__known_______
lab,___la_b_______
lace,___la_ce______
lack,___la_ck______
lad,___la_d_______
lag,___la_g_______
laid,___laid_______
lain,___lain_______
lake,___la_ke______
lamb,___la_mb______
lame,___la_me______
lamp,___la_mp______
lance,___la_nce_____
land,___la_nd______
lane,___la_ne______
lap,___la_p_______
laps,___la_ps______
lapse,___la_pse_____
lard,___la_rd______
large,___la_rge_____
lark,___la_rk______
lash,___la_sh______
lass,___la_ss______
last,___la_st______
latch,___la_tch_____
late,___la_te______
lath,___la_th______
lathe,___la_the_____
laugh,___laugh______
launch,___launch_____
law,___law________
lawn,___lawn_______
lax,___la_x_______
lay,___lay________
lays,___lays_______
laze,___la_ze______
lead,___lead_______
leaf,___leaf_______
leak,___leak_______
lean,___lean_______
leap,___leap_______
leapt,___leapt______
lear,___lear_______
learn,___learn______
lease,___lease______
leash,___leash______
least,___least______
leave,___leave______
led,___le_d_______
ledge,___le_dge_____
lee,___lee________
left,___le_ft______
leg,___le_g_______
lend,___le_nd______
length,___le_ngth____
lens,___le_ns______
lent,___le_nt______
less,___le_ss______
lest,___le_st______
let,___le_t_______
letch,___le_tch_____
lewd,___lewd_______
lice,___li_ce______
lick,___li_ck______
lid,___li_d_______
lie,___lie________
lien,___lien_______
life,___li_fe______
lift,___li_ft______
light,___li_ght_____
like,___li_ke______
lilt,___li_lt______
limb,___li_mb______
lime,___li_me______
limp,___li_mp______
line,___li_ne______
link,___li_nk______
lint,___li_nt______
lip,___li_p_______
lisle,___li_sle_____
list,___li_st______
lit,___li_t_______
lithe,___li_the_____
live,___li_ve______
load,___load_______
loaf,___loaf_______
loan,___loan_______
loath,___loath______
lob,___lo_b_______
lobe,___lo_be______
lock,___lo_ck______
lode,___lo_de______
lodge,___lo_dge_____
loft,___lo_ft______
log,___lo_g_______
loin,___loin_______
lone,___lo_ne______
long,___lo_ng______
look,___look_______
loom,___loom_______
loon,___loon_______
loop,___loop_______
loose,___loose______
loot,___loot_______
lop,___lo_p_______
lope,___lo_pe______
lord,___lo_rd______
lore,___lo_re______
lose,___lo_se______
loss,___lo_ss______
lost,___lo_st______
lot,___lo_t_______
loud,___loud_______
lounge,___lounge_____
loupe,___loupe______
louse,___louse______
love,___lo_ve______
low,___low________
luck,___lu_ck______
lug,___lu_g_______
lull,___lu_ll______
lump,___lu_mp______
lunch,___lu_nch_____
lung,___lu_ng______
lurch,___lu_rch_____
lure,___lu_re______
lurk,___lu_rk______
lush,___lu_sh______
lust,___lu_st______
lute,___lu_te______
lye,___lye________
lymph,___ly_mph_____
lynch,___ly_nch_____
mad,___ma_d_______
made,___ma_de______
maid,___maid_______
mail,___mail_______
main,___main_______
make,___ma_ke______
makes,___ma_kes_____
male,___ma_le______
mall,___ma_ll______
malt,___ma_lt______
man,___ma_n_______
mane,___ma_ne______
manse,___ma_nse_____
map,___ma_p_______
mar,___ma_r_______
march,___ma_rch_____
mare,___ma_re______
mark,___ma_rk______
marsh,___ma_rsh_____
mart,___ma_rt______
mash,___ma_sh______
mask,___ma_sk______
mass,___ma_ss______
mast,___ma_st______
mat,___ma_t_______
match,___ma_tch_____
mate,___ma_te______
math,___ma_th______
mauve,___mauve______
maw,___maw________
max,___ma_x_______
may,___may________
maze,___ma_ze______
me,___me_________
mead,___mead_______
meal,___meal_______
mean,___mean_______
meant,___meant______
meat,___meat_______
meek,___meek_______
meet,___meet_______
meld,___me_ld______
melt,___me_lt______
men,___me_n_______
mend,___me_nd______
mere,___me_re______
merge,___me_rge_____
mesh,___me_sh______
mess,___me_ss______
met,___me_t_______
mew,___mew________
mice,___mi_ce______
mid,___mi_d_______
midst,___mi_dst_____
mig,___mi_g_______
might,___mi_ght_____
mike,___mi_ke______
mil,___mi_l_______
mild,___mi_ld______
mile,___mi_le______
milk,___mi_lk______
mill,___mi_ll______
mime,___mi_me______
mince,___mi_nce_____
mind,___mi_nd______
mine,___mi_ne______
mink,___mi_nk______
mint,___mi_nt______
mirth,___mi_rth_____
miss,___mi_ss______
mist,___mi_st______
mite,___mi_te______
mitt,___mi_tt______
mix,___mi_x_______
moan,___moan_______
mob,___mo_b_______
mock,___mo_ck______
mode,___mo_de______
moist,___moist______
mold,___mo_ld______
mole,___mo_le______
moll,___mo_ll______
mom,___mo_m_______
moo,___moo________
mood,___mood_______
moon,___moon_______
moose,___moose______
moot,___moot_______
mop,___mo_p_______
more,___mo_re______
mosk,___mo_sk______
moss,___mo_ss______
most,___mo_st______
moth,___mo_th______
mould,___mould______
mount,___mount______
mourn,___mourn______
mouse,___mouse______
mouth,___mouth______
move,___mo_ve______
mow,___mow________
much,___mu_ch______
muck,___mu_ck______
mud,___mu_d_______
muff,___mu_ff______
mug,___mu_g_______
mulch,___mu_lch_____
mule,___mu_le______
mum,___mu_m_______
munch,___mu_nch_____
muse,___mu_se______
mush,___mu_sh______
muss,___mu_ss______
must,___mu_st______
mute,___mu_te______
myth,___my_th______
nab,___na_b_______
nail,___nail_______
name,___na_me______
nap,___na_p_______
nape,___na_pe______
naught,___naught_____
naw,___naw________
nay,___nay________
near,___near_______
neat,___neat_______
neck,___ne_ck______
need,___need_______
needs,___needs______
nerve,___ne_rve_____
nest,___ne_st______
net,___ne_t_______
new,___new________
news,___news_______
newt,___newt_______
next,___ne_xt______
nice,___ni_ce______
niche,___ni_che_____
nick,___ni_ck______
nicks,___ni_cks_____
niece,___niece______
nigh,___ni_gh______
night,___ni_ght_____
nil,___ni_l_______
nine,___ni_ne______
ninth,___ni_nth_____
nip,___ni_p_______
nix,___ni_x_______
no,___no_________
nod,___no_d_______
node,___no_de______
noise,___noise______
non,___no_n_______
nonce,___no_nce_____
none,___no_ne______
nook,___nook_______
noon,___noon_______
noose,___noose______
nope,___no_pe______
nor,___no_r_______
norm,___no_rm______
north,___no_rth_____
nose,___no_se______
not,___no_t_______
notch,___no_tch_____
note,___no_te______
noun,___noun_______
now,___now________
nude,___nu_de______
nudge,___nu_dge_____
null,___nu_ll______
numb,___nu_mb______
nun,___nu_n_______
nurse,___nu_rse_____
nut,___nu_t_______
nymph,___ny_mph_____
oak,____oak_______
oath,____oath______
odd,____o_dd______
off,____o_ff______
oft,____o_ft______
oil,____oil_______
old,____o_ld______
ole,____o_le______
once,____o_nce_____
one,____o_ne______
oops,____oops______
ooze,____ooze______
orb,____o_rb______
ore,____o_re______
ouch,____ouch______
ought,____ought_____
ounce,____ounce_____
our,____our_______
oust,____oust______
out,____out_______
owl,____owl_______
own,____own_______
pace,___pa_ce______
pack,___pa_ck______
pact,___pa_ct______
pad,___pa_d_______
page,___pa_ge______
paid,___paid_______
pail,___pail_______
pain,___pain_______
paint,___paint______
pair,___pair_______
pal,___pa_l_______
pale,___pa_le______
pall,___pa_ll______
palm,___pa_lm______
pan,___pa_n_______
pane,___pa_ne______
pang,___pa_ng______
pant,___pa_nt______
pants,___pa_nts_____
pap,___pa_p_______
par,___pa_r_______
pare,___pa_re______
park,___pa_rk______
part,___pa_rt______
pass,___pa_ss______
past,___pa_st______
paste,___pa_ste_____
pat,___pa_t_______
patch,___pa_tch_____
pate,___pa_te______
path,___pa_th______
paunch,___paunch_____
pause,___pause______
pave,___pa_ve______
paw,___paw________
pawn,___pawn_______
pay,___pay________
pea,___pea________
peace,___peace______
peach,___peach______
peak,___peak_______
peal,___peal_______
pear,___pear_______
pearl,___pearl______
peat,___peat_______
peck,___pe_ck______
pee,___pee________
peel,___peel_______
peep,___peep_______
peer,___peer_______
peg,___pe_g_______
pelt,___pe_lt______
pen,___pe_n_______
per,___pe_r_______
perch,___pe_rch_____
perk,___pe_rk______
pert,___pe_rt______
pest,___pe_st______
pet,___pe_t_______
pew,___pew________
phage,__pha_ge______
phase,__pha_se______
phone,__pho_ne______
phrase,_phra_se______
pick,___pi_ck______
pie,___pie________
piece,___piece______
pier,___pier_______
pierce,___pierce_____
pig,___pi_g_______
pike,___pi_ke______
pile,___pi_le______
pill,___pi_ll______
pimp,___pi_mp______
pin,___pi_n_______
pinch,___pi_nch_____
pine,___pi_ne______
pink,___pi_nk______
pint,___pi_nt______
pip,___pi_p_______
pipe,___pi_pe______
piss,___pi_ss______
pit,___pi_t_______
pitch,___pi_tch_____
pith,___pi_th______
place,__pla_ce______
plaid,__plaid_______
plain,__plain_______
plan,__pla_n_______
plane,__pla_ne______
plank,__pla_nk______
plant,__pla_nt______
plate,__pla_te______
play,__play________
plea,__plea________
plead,__plead_______
please,__please______
pleat,__pleat_______
pledge,__ple_dge_____
plight,__pli_ght_____
plod,__plo_d_______
plot,__plo_t_______
plough,__plough______
plow,__plow________
pluck,__plu_ck______
plug,__plu_g_______
plum,__plu_m_______
plumb,__plu_mb______
plume,__plu_me______
plump,__plu_mp______
plunge,__plu_nge_____
plus,__plu_s_______
plush,__plu_sh______
poach,___poach______
pod,___po_d_______
point,___point______
poise,___poise______
poke,___po_ke______
pole,___po_le______
poll,___po_ll______
pomp,___po_mp______
pond,___po_nd______
pons,___po_ns______
pool,___pool_______
poor,___poor_______
pop,___po_p_______
pope,___po_pe______
porch,___po_rch_____
pore,___po_re______
pork,___po_rk______
port,___po_rt______
pose,___po_se______
posh,___po_sh______
post,___po_st______
pot,___po_t_______
pouch,___pouch______
pound,___pound______
pour,___pour_______
pout,___pout_______
praise,__praise______
pram,__pra_m_______
prank,__pra_nk______
pray,__pray________
preach,__preach______
prep,__pre_p_______
press,__pre_ss______
prey,__prey________
price,__pri_ce______
prick,__pri_ck______
pride,__pri_de______
priest,__priest______
prim,__pri_m_______
prime,__pri_me______
prince,__pri_nce_____
print,__pri_nt______
prize,__pri_ze______
pro,__pro_________
probe,__pro_be______
prod,__pro_d_______
prompt,__pro_mpt_____
prone,__pro_ne______
proof,__proof_______
prop,__pro_p_______
prose,__pro_se______
proud,__proud_______
prove,__pro_ve______
prow,__prow________
prowl,__prowl_______
pry,__pry_________
psalm,__psa_lm______
pub,___pu_b_______
puck,___pu_ck______
puff,___pu_ff______
puke,___pu_ke______
pull,___pu_ll______
pulp,___pu_lp______
pulse,___pu_lse_____
pump,___pu_mp______
pun,___pu_n_______
punch,___pu_nch_____
punk,___pu_nk______
punt,___pu_nt______
pup,___pu_p_______
pure,___pu_re______
purge,___pu_rge_____
purse,___pu_rse_____
pus,___pu_s_______
push,___pu_sh______
put,___pu_t_______
putt,___pu_tt______
pyre,___py_re______
quack,__qua_ck______
quaint,__quaint______
quake,__qua_ke______
qualms,__qua_lms_____
quart,__qua_rt______
quartz,__qua_rtz_____
quay,__quay________
queen,__queen_______
queer,__queer_______
quell,__que_ll______
quench,__que_nch_____
quest,__que_st______
queue,__queue_______
quick,__qui_ck______
quill,__qui_ll______
quince,__qui_nce_____
quirk,__qui_rk______
quit,__qui_t_______
quite,__qui_te______
quiz,__qui_z_______
quo,__quo_________
quote,__quo_te______
race,___ra_ce______
rack,___ra_ck______
raft,___ra_ft______
rag,___ra_g_______
rage,___ra_ge______
raid,___raid_______
rail,___rail_______
rain,___rain_______
raise,___raise______
rake,___ra_ke______
ram,___ra_m_______
ramp,___ra_mp______
ran,___ra_n_______
ranch,___ra_nch_____
rang,___ra_ng______
range,___ra_nge_____
rank,___ra_nk______
rant,___ra_nt______
rap,___ra_p_______
rape,___ra_pe______
rapt,___ra_pt______
rare,___ra_re______
rash,___ra_sh______
rasp,___ra_sp______
rat,___ra_t_______
rate,___ra_te______
rave,___ra_ve______
raw,___raw________
ray,___ray________
rays,___rays_______
reach,___reach______
read,___read_______
real,___real_______
realm,___realm______
ream,___ream_______
reap,___reap_______
rear,___rear_______
red,___re_d_______
reed,___reed_______
reef,___reef_______
reek,___reek_______
reel,___reel_______
ref,___re_f_______
reign,___reign______
rein,___rein_______
rend,___re_nd______
rent,___re_nt______
rest,___re_st______
retch,___re_tch_____
rev,___re_v_______
rheum,__rheum_______
rhyme,__rhy_me______
rib,___ri_b_______
rice,___ri_ce______
rich,___ri_ch______
ride,___ri_de______
ridge,___ri_dge_____
rift,___ri_ft______
rig,___ri_g_______
right,___ri_ght_____
rile,___ri_le______
rim,___ri_m_______
rime,___ri_me______
rind,___ri_nd______
ring,___ri_ng______
rink,___ri_nk______
rinse,___ri_nse_____
rip,___ri_p_______
ripe,___ri_pe______
rise,___ri_se______
risk,___ri_sk______
rite,___ri_te______
roach,___roach______
road,___road_______
roam,___roam_______
roar,___roar_______
roast,___roast______
rob,___ro_b_______
robe,___ro_be______
rock,___ro_ck______
rod,___ro_d_______
rode,___ro_de______
roe,___roe________
role,___ro_le______
roll,___ro_ll______
rolled,___ro_lled____
romp,___ro_mp______
roof,___roof_______
rook,___rook_______
room,___room_______
roost,___roost______
root,___root_______
rope,___ro_pe______
rose,___ro_se______
rot,___ro_t_______
rouge,___rouge______
rough,___rough______
round,___round______
rouse,___rouse______
rout,___rout_______
route,___route______
rove,___ro_ve______
row,___row________
rub,___ru_b_______
rude,___ru_de______
rue,___rue________
rug,___ru_g_______
rule,___ru_le______
rum,___ru_m_______
rump,___ru_mp______
run,___ru_n_______
rung,___ru_ng______
runt,___ru_nt______
ruse,___ru_se______
rush,___ru_sh______
rust,___ru_st______
rut,___ru_t_______
rye,___rye________
sack,___sa_ck______
sad,___sa_d_______
safe,___sa_fe______
sag,___sa_g_______
sage,___sa_ge______
said,___said_______
sail,___sail_______
saint,___saint______
sake,___sa_ke______
sale,___sa_le______
salt,___sa_lt______
salve,___sa_lve_____
same,___sa_me______
sand,___sa_nd______
sane,___sa_ne______
sang,___sa_ng______
sank,___sa_nk______
sap,___sa_p_______
sash,___sa_sh______
sat,___sa_t_______
sauce,___sauce______
save,___sa_ve______
saw,___saw________
sax,___sa_x_______
say,___say________
says,___says_______
scald,__sca_ld______
scale,__sca_le______
scalp,__sca_lp______
scan,__sca_n_______
scant,__sca_nt______
scar,__sca_r_______
scarce,__sca_rce_____
scare,__sca_re______
scarf,__sca_rf______
scene,__sce_ne______
scent,__sce_nt______
scheme,_sche_me______
schnook,schnook_______
school,_school_______
scoop,__scoop_______
scope,__sco_pe______
score,__sco_re______
scorn,__sco_rn______
scotch,__sco_tch_____
scour,__scour_______
scourge,__scourge_____
scout,__scout_______
scrap,_scra_p_______
scrape,_scra_pe______
scratch,_scra_tch_____
scream,_scream_______
screech,_screech______
screen,_screen_______
screw,_screw________
scribe,_scri_be______
scrim,_scri_m_______
script,_scri_pt______
scrub,_scru_b_______
scuff,__scu_ff______
sea,___sea________
seal,___seal_______
seam,___seam_______
sear,___sear_______
search,___search_____
seat,___seat_______
sect,___se_ct______
see,___see________
seed,___seed_______
seeds,___seeds______
seek,___seek_______
seem,___seem_______
seen,___seen_______
seep,___seep_______
seize,___seize______
self,___se_lf______
sell,___se_ll______
send,___se_nd______
sense,___se_nse_____
sent,___se_nt______
serf,___se_rf______
serge,___se_rge_____
serve,___se_rve_____
set,___se_t_______
sew,___sew________
sewn,___sewn_______
sex,___se_x_______
shack,__sha_ck______
shade,__sha_de______
shaft,__sha_ft______
shag,__sha_g_______
shah,__shah________
shake,__sha_ke______
shall,__sha_ll______
sham,__sha_m_______
shame,__sha_me______
shank,__sha_nk______
shape,__sha_pe______
shard,__sha_rd______
share,__sha_re______
shark,__sha_rk______
sharp,__sha_rp______
shave,__sha_ve______
shawl,__shawl_______
shay,__shay________
she,__she_________
sheaf,__sheaf_______
shear,__shear_______
sheath,__sheath______
shed,__she_d_______
sheen,__sheen_______
sheep,__sheep_______
sheer,__sheer_______
sheet,__sheet_______
sheik,__sheik_______
shelf,__she_lf______
shell,__she_ll______
shield,__shield______
shift,__shi_ft______
shill,__shi_ll______
shim,__shi_m_______
shin,__shi_n_______
shine,__shi_ne______
ship,__shi_p_______
ships,__shi_ps______
shirt,__shi_rt______
shit,__shi_t_______
shoal,__shoal_______
shock,__sho_ck______
shod,__sho_d_______
shoe,__shoe________
shone,__sho_ne______
shook,__shook_______
shoot,__shoot_______
shop,__sho_p_______
shore,__sho_re______
short,__sho_rt______
shot,__sho_t_______
should,__should______
shout,__shout_______
shove,__sho_ve______
show,__show________
shown,__shown_______
shred,_shre_d_______
shrewd,_shrewd_______
shriek,_shriek_______
shrill,_shri_ll______
shrimp,_shri_mp______
shrine,_shri_ne______
shrink,_shri_nk______
shrub,_shru_b_______
shrug,_shru_g_______
shuck,__shu_ck______
shun,__shu_n_______
shunt,__shu_nt______
shut,__shu_t_______
shy,__shy_________
sick,___si_ck______
side,___si_de______
siege,___siege______
sieve,___sieve______
sigh,___si_gh______
sight,___si_ght_____
sign,___si_gn______
silk,___si_lk______
sill,___si_ll______
sin,___si_n_______
since,___si_nce_____
sine,___si_ne______
sing,___si_ng______
sink,___si_nk______
sioux,___sioux______
sip,___si_p_______
sir,___si_r_______
sit,___si_t_______
site,___si_te______
six,___si_x_______
sixth,___si_xth_____
size,___si_ze______
skate,__ska_te______
skeet,__skeet_______
sketch,__ske_tch_____
ski,__ski_________
skid,__ski_d_______
skiff,__ski_ff______
skill,__ski_ll______
skin,__ski_n_______
skip,__ski_p_______
skirt,__ski_rt______
skit,__ski_t_______
skulk,__sku_lk______
skull,__sku_ll______
skunk,__sku_nk______
sky,__sky_________
slab,__sla_b_______
slack,__sla_ck______
slam,__sla_m_______
slang,__sla_ng______
slant,__sla_nt______
slap,__sla_p_______
slash,__sla_sh______
slat,__sla_t_______
slate,__sla_te______
slave,__sla_ve______
sleek,__sleek_______
sleep,__sleep_______
sleet,__sleet_______
sleeve,__sleeve______
sleight,__sleight_____
slept,__sle_pt______
slice,__sli_ce______
slick,__sli_ck______
slid,__sli_d_______
slide,__sli_de______
slight,__sli_ght_____
slim,__sli_m_______
sling,__sli_ng______
slip,__sli_p_______
slit,__sli_t_______
slob,__slo_b_______
sloe,__sloe________
sloop,__sloop_______
slop,__slo_p_______
slope,__slo_pe______
slot,__slo_t_______
slouch,__slouch______
slough,__slough______
slow,__slow________
sludge,__slu_dge_____
slug,__slu_g_______
sluice,__sluice______
slum,__slu_m_______
slump,__slu_mp______
slung,__slu_ng______
sly,__sly_________
smack,__sma_ck______
small,__sma_ll______
smart,__sma_rt______
smash,__sma_sh______
smear,__smear_______
smell,__sme_ll______
smelt,__sme_lt______
smile,__smi_le______
smirk,__smi_rk______
smog,__smo_g_______
smoke,__smo_ke______
smooth,__smooth______
smug,__smu_g_______
snack,__sna_ck______
snag,__sna_g_______
snail,__snail_______
snake,__sna_ke______
snap,__sna_p_______
snare,__sna_re______
snatch,__sna_tch_____
sneak,__sneak_______
sneer,__sneer_______
sniff,__sni_ff______
snip,__sni_p_______
snob,__sno_b_______
snoop,__snoop_______
snort,__sno_rt______
snout,__snout_______
snow,__snow________
snuck,__snu_ck______
snug,__snu_g_______
soak,___soak_______
soap,___soap_______
sob,___so_b_______
sock,___so_ck______
sod,___so_d_______
soft,___so_ft______
soils,___soils______
sold,___so_ld______
sole,___so_le______
solve,___so_lve_____
some,___so_me______
son,___so_n_______
song,___so_ng______
soon,___soon_______
soot,___soot_______
soothe,___soothe_____
sop,___so_p_______
sore,___so_re______
sort,___so_rt______
sought,___sought_____
soul,___soul_______
sound,___sound______
soup,___soup_______
sour,___sour_______
source,___source_____
souse,___souse______
south,___south______
sow,___sow________
sox,___so_x_______
soy,___soy________
spa,__spa_________
space,__spa_ce______
spade,__spa_de______
span,__spa_n_______
spare,__spa_re______
spark,__spa_rk______
sparse,__spa_rse_____
spat,__spa_t_______
spate,__spa_te______
speak,__speak_______
spear,__spear_______
speck,__spe_ck______
sped,__spe_d_______
speech,__speech______
speed,__speed_______
spell,__spe_ll______
spend,__spe_nd______
spent,__spe_nt______
sphere,_sphe_re______
sphinx,_sphi_nx______
spice,__spi_ce______
spike,__spi_ke______
spill,__spi_ll______
spin,__spi_n_______
spine,__spi_ne______
spire,__spi_re______
spit,__spi_t_______
spite,__spi_te______
splash,_spla_sh______
spleen,_spleen_______
splice,_spli_ce______
split,_spli_t_______
splurge,_splu_rge_____
spoil,__spoil_______
spoke,__spo_ke______
sponge,__spo_nge_____
spoof,__spoof_______
spook,__spook_______
spool,__spool_______
spoon,__spoon_______
sport,__spo_rt______
spot,__spo_t_______
spouse,__spouse______
spout,__spout_______
sprang,_spra_ng______
sprawl,_sprawl_______
spray,_spray________
spread,_spread_______
spree,_spree________
sprig,_spri_g_______
spring,_spri_ng______
sprite,_spri_te______
sprout,_sprout_______
spruce,_spru_ce______
sprung,_spru_ng______
spun,__spu_n_______
spur,__spu_r_______
spurt,__spu_rt______
spy,__spy_________
squad,_squa_d_______
squall,_squa_ll______
square,_squa_re______
squash,_squa_sh______
squat,_squa_t_______
squaw,_squaw________
squawk,_squawk_______
squeak,_squeak_______
squeal,_squeal_______
squeeze,_squeeze______
squint,_squi_nt______
squire,_squi_re______
squirm,_squi_rm______
squirt,_squi_rt______
stab,__sta_b_______
stack,__sta_ck______
staff,__sta_ff______
stag,__sta_g_______
stage,__sta_ge______
staid,__staid_______
stain,__stain_______
stair,__stair_______
stake,__sta_ke______
stale,__sta_le______
stalk,__sta_lk______
stall,__sta_ll______
stamp,__sta_mp______
stance,__sta_nce_____
stanch,__sta_nch_____
stand,__sta_nd______
star,__sta_r_______
starch,__sta_rch_____
stare,__sta_re______
stark,__sta_rk______
start,__sta_rt______
starve,__sta_rve_____
state,__sta_te______
staunch,__staunch_____
stave,__sta_ve______
stay,__stay________
stead,__stead_______
steak,__steak_______
steal,__steal_______
stealth,__stealth_____
steam,__steam_______
steed,__steed_______
steel,__steel_______
steep,__steep_______
steer,__steer_______
stem,__ste_m_______
stench,__ste_nch_____
step,__ste_p_______
stew,__stew________
stick,__sti_ck______
stiff,__sti_ff______
still,__sti_ll______
stilt,__sti_lt______
sting,__sti_ng______
stink,__sti_nk______
stint,__sti_nt______
stir,__sti_r_______
stitch,__sti_tch_____
stock,__sto_ck______
stole,__sto_le______
stone,__sto_ne______
stood,__stood_______
stool,__stool_______
stoop,__stoop_______
stop,__sto_p_______
store,__sto_re______
stork,__sto_rk______
storm,__sto_rm______
stout,__stout_______
stove,__sto_ve______
stow,__stow________
strafe,_stra_fe______
straight,_straight_____
strain,_strain_______
strait,_strait_______
strand,_stra_nd______
strange,_stra_nge_____
strap,_stra_p_______
straw,_straw________
stray,_stray________
streak,_streak_______
stream,_stream_______
street,_street_______
strength,_stre_ngth____
stress,_stre_ss______
stretch,_stre_tch_____
strewn,_strewn_______
strict,_stri_ct______
stride,_stri_de______
strife,_stri_fe______
strike,_stri_ke______
string,_stri_ng______
strip,_stri_p_______
stripe,_stri_pe______
strive,_stri_ve______
strode,_stro_de______
stroke,_stro_ke______
stroll,_stro_ll______
strong,_stro_ng______
strove,_stro_ve______
struck,_stru_ck______
strung,_stru_ng______
strut,_stru_t_______
stub,__stu_b_______
stuck,__stu_ck______
stud,__stu_d_______
stuff,__stu_ff______
stump,__stu_mp______
stung,__stu_ng______
stunk,__stu_nk______
stunt,__stu_nt______
style,__sty_le______
suave,__sua_ve______
sub,___su_b_______
such,___su_ch______
suck,___su_ck______
suds,___su_ds______
sue,___sue________
suede,__sue_de______
suit,___suit_______
suite,__sui_te______
sulk,___su_lk______
sum,___su_m_______
sun,___su_n_______
sung,___su_ng______
sunk,___su_nk______
sup,___su_p_______
sure,___su_re______
surf,___su_rf______
surge,___su_rge_____
svelte,__sve_lte_____
swam,__swa_m_______
swamp,__swa_mp______
swan,__swa_n_______
swank,__swa_nk______
swap,__swa_p_______
swarm,__swa_rm______
swath,__swa_th______
sway,__sway________
swear,__swear_______
sweat,__sweat_______
sweep,__sweep_______
sweet,__sweet_______
swell,__swe_ll______
swept,__swe_pt______
swerve,__swe_rve_____
swift,__swi_ft______
swig,__swi_g_______
swim,__swi_m_______
swine,__swi_ne______
swing,__swi_ng______
swipe,__swi_pe______
swirl,__swi_rl______
switch,__swi_tch_____
swoop,__swoop_______
sword,__swo_rd______
swore,__swo_re______
sworn,__swo_rn______
swum,__swu_m_______
swung,__swu_ng______
tab,___ta_b_______
tack,___ta_ck______
tact,___ta_ct______
tag,___ta_g_______
tail,___tail_______
taint,___taint______
take,___ta_ke______
tale,___ta_le______
talk,___ta_lk______
tall,___ta_ll______
tame,___ta_me______
tamp,___ta_mp______
tan,___ta_n_______
tang,___ta_ng______
tank,___ta_nk______
tape,___ta_pe______
taps,___ta_ps______
tar,___ta_r_______
tart,___ta_rt______
task,___ta_sk______
taste,___ta_ste_____
taught,___taught_____
taunt,___taunt______
taut,___taut_______
tax,___ta_x_______
tea,___tea________
teach,___teach______
teak,___teak_______
team,___team_______
tear,___tear_______
tease,___tease______
tech,___te_ch______
tee,___tee________
teens,___teens______
teeth,___teeth______
tell,___te_ll______
tempt,___te_mpt_____
ten,___te_n_______
tend,___te_nd______
tense,___te_nse_____
tent,___te_nt______
tenth,___te_nth_____
terms,___te_rms_____
terse,___te_rse_____
test,___te_st______
text,___te_xt______
than,__tha_n_______
thank,__tha_nk______
that,__tha_t_______
thaw,__thaw________
the,__the_________
thee,__thee________
theft,__the_ft______
their,__their_______
them,__the_m_______
theme,__the_me______
then,__the_n_______
thence,__the_nce_____
there,__the_re______
these,__the_se______
they,__they________
thick,__thi_ck______
thief,__thief_______
thigh,__thi_gh______
thin,__thi_n_______
thine,__thi_ne______
thing,__thi_ng______
think,__thi_nk______
third,__thi_rd______
thirst,__thi_rst_____
this,__thi_s_______
thong,__tho_ng______
thorn,__tho_rn______
those,__tho_se______
thou,__thou________
though,__though______
thought,__thought_____
thrash,_thra_sh______
thread,_thread_______
threat,_threat_______
three,_three________
threw,_threw________
thrice,_thri_ce______
thrift,_thri_ft______
thrill,_thri_ll______
thrive,_thri_ve______
throat,_throat_______
throes,_throes_______
throne,_thro_ne______
throng,_thro_ng______
through,_through______
throw,_throw________
thrown,_thrown_______
thru,_thru_________
thrush,_thru_sh______
thrust,_thru_st______
thud,__thu_d_______
thug,__thu_g_______
thumb,__thu_mb______
thump,__thu_mp______
thus,__thu_s_______
thwack,_thwa_ck______
thwart,_thwa_rt______
thy,__thy_________
tick,___ti_ck______
tide,___ti_de______
tie,___tie________
tied,___tied_______
tight,___ti_ght_____
tile,___ti_le______
till,___ti_ll______
tilt,___ti_lt______
time,___ti_me______
times,___ti_mes_____
tin,___ti_n_______
tint,___ti_nt______
tip,___ti_p_______
tire,___ti_re______
toad,___toad_______
toast,___toast______
toe,___toe________
toes,___toes_______
tog,___to_g_______
toil,___toil_______
told,___to_ld______
toll,___to_ll______
tomb,___to_mb______
tome,___to_me______
ton,___to_n_______
tone,___to_ne______
tong,___to_ng______
tongue,___to_ngue____
too,___too________
took,___took_______
tool,___tool_______
toot,___toot_______
tooth,___tooth______
top,___to_p_______
torch,___to_rch_____
tore,___to_re______
torn,___to_rn______
torque,___to_rque____
toss,___to_ss______
tote,___to_te______
touch,___touch______
tough,___tough______
tour,___tour_______
tout,___tout_______
tow,___tow________
town,___town_______
toy,___toy________
trace,__tra_ce______
track,__tra_ck______
tract,__tra_ct______
trade,__tra_de______
trail,__trail_______
train,__train_______
trait,__trait_______
tramp,__tra_mp______
trance,__tra_nce_____
trap,__tra_p_______
trash,__tra_sh______
tray,__tray________
tread,__tread_______
treat,__treat_______
tree,__tree________
trench,__tre_nch_____
trend,__tre_nd______
trial,__trial_______
tribe,__tri_be______
trick,__tri_ck______
tried,__tried_______
trig,__tri_g_______
trill,__tri_ll______
trim,__tri_m_______
trip,__tri_p_______
tripe,__tri_pe______
trite,__tri_te______
troll,__tro_ll______
troop,__troop_______
trot,__tro_t_______
trough,__trough______
troup,__troup_______
troupe,__troupe______
trout,__trout_______
truce,__tru_ce______
truck,__tru_ck______
true,__true________
trump,__tru_mp______
trunk,__tru_nk______
trust,__tru_st______
truth,__tru_th______
try,__try_________
tryst,__try_st______
tsar,__tsa_r_______
tub,___tu_b_______
tube,___tu_be______
tuck,___tu_ck______
tug,___tu_g_______
tune,___tu_ne______
turf,___tu_rf______
turn,___tu_rn______
tusk,___tu_sk______
twain,__twain_______
tweed,__tweed_______
twelfth,__twe_lfth____
twelve,__twe_lve_____
twice,__twi_ce______
twin,__twi_n_______
twinge,__twi_nge_____
twist,__twi_st______
twitch,__twi_tch_____
two,__two_________
tyme,___ty_me______
type,___ty_pe______
urge,____u_rge_____
urn,____u_rn______
use,____u_se______
vail,___vail_______
vain,___vain_______
vale,___va_le______
valve,___va_lve_____
vamp,___va_mp______
van,___va_n_______
vase,___va_se______
vast,___va_st______
vault,___vault______
veal,___veal_______
veer,___veer_______
veil,___veil_______
vein,___vein_______
veldt,___ve_ldt_____
vent,___ve_nt______
verb,___ve_rb______
verge,___ve_rge_____
verse,___ve_rse_____
verve,___ve_rve_____
vest,___ve_st______
vet,___ve_t_______
vex,___ve_x_______
vice,___vi_ce______
vie,___vie________
view,___view_______
vile,___vi_le______
vine,___vi_ne______
vise,___vi_se______
voice,___voice______
void,___void_______
volt,___vo_lt______
vote,___vo_te______
vouch,___vouch______
vow,___vow________
vue,___vue________
wad,___wa_d_______
wade,___wa_de______
wag,___wa_g_______
wage,___wa_ge______
wail,___wail_______
waist,___waist______
wait,___wait_______
waive,___waive______
wake,___wa_ke______
walk,___wa_lk______
wall,___wa_ll______
waltz,___wa_ltz_____
wan,___wa_n_______
wand,___wa_nd______
wane,___wa_ne______
want,___wa_nt______
war,___wa_r_______
ward,___wa_rd______
ware,___wa_re______
warm,___wa_rm______
warmth,___wa_rmth____
warn,___wa_rn______
warp,___wa_rp______
wart,___wa_rt______
was,___wa_s_______
wash,___wa_sh______
wasp,___wa_sp______
waste,___wa_ste_____
watch,___wa_tch_____
watt,___wa_tt______
wave,___wa_ve______
wax,___wa_x_______
way,___way________
ways,___ways_______
weak,___weak_______
wealth,___wealth_____
wear,___wear_______
weave,___weave______
web,___we_b_______
wed,___we_d_______
wedge,___we_dge_____
wee,___wee________
weed,___weed_______
week,___week_______
weep,___weep_______
weigh,___weigh______
weight,___weight_____
weird,___weird______
welch,___we_lch_____
weld,___we_ld______
well,___we_ll______
welt,___we_lt______
went,___we_nt______
wept,___we_pt______
were,___we_re______
west,___we_st______
wet,___we_t_______
whack,__wha_ck______
wharf,__wha_rf______
what,__wha_t_______
wheat,__wheat_______
wheel,__wheel_______
whelp,__whe_lp______
when,__whe_n_______
whence,__whe_nce_____
where,__whe_re______
which,__whi_ch______
whiff,__whi_ff______
whig,__whi_g_______
while,__whi_le______
whim,__whi_m_______
whine,__whi_ne______
whip,__whi_p_______
whir,__whi_r_______
whirl,__whi_rl______
whit,__whi_t_______
white,__whi_te______
whiz,__whi_z_______
who,__who_________
whole,__who_le______
whom,__who_m_______
whoop,__whoop_______
whoosh,__whoosh______
whore,__who_re______
whorl,__who_rl______
whose,__who_se______
why,__why_________
wick,___wi_ck______
wide,___wi_de______
width,___wi_dth_____
wield,___wield______
wife,___wi_fe______
wig,___wi_g_______
wild,___wi_ld______
will,___wi_ll______
wilt,___wi_lt______
win,___wi_n_______
wind,___wi_nd______
wine,___wi_ne______
wing,___wi_ng______
wink,___wi_nk______
wipe,___wi_pe______
wire,___wi_re______
wise,___wi_se______
wish,___wi_sh______
wisp,___wi_sp______
wit,___wi_t_______
witch,___wi_tch_____
with,___wi_th______
woe,___woe________
woke,___wo_ke______
wolf,___wo_lf______
womb,___wo_mb______
won,___wo_n_______
wont,___wo_nt______
woo,___woo________
wood,___wood_______
wool,___wool_______
word,___wo_rd______
wore,___wo_re______
work,___wo_rk______
world,___wo_rld_____
worm,___wo_rm______
worn,___wo_rn______
worse,___wo_rse_____
worst,___wo_rst_____
worth,___wo_rth_____
would,___would______
wound,___wound______
wove,___wo_ve______
wow,___wow________
wrack,__wra_ck______
wrap,__wra_p_______
wrath,__wra_th______
wreak,__wreak_______
wreath,__wreath______
wreck,__wre_ck______
wren,__wre_n_______
wrest,__wre_st______
wretch,__wre_tch_____
wring,__wri_ng______
wrist,__wri_st______
writ,__wri_t_______
write,__wri_te______
writhe,__wri_the_____
wrong,__wro_ng______
wrote,__wro_te______
wrought,__wrought_____
wry,__wry_________
yacht,___ya_cht_____
yak,___ya_k_______
yam,___ya_m_______
yang,___ya_ng______
yank,___ya_nk______
yard,___ya_rd______
yarn,___ya_rn______
yaw,___yaw________
yawl,___yawl_______
yawn,___yawn_______
yea,___yea________
yeah,___yeah_______
year,___year_______
yearn,___yearn______
yeast,___yeast______
yell,___ye_ll______
yelp,___ye_lp______
yen,___ye_n_______
yes,___ye_s_______
yet,___ye_t_______
yield,___yield______
yoke,___yo_ke______
yolk,___yo_lk______
yon,___yo_n_______
yore,___yo_re______
york,___yo_rk______
you,___you________
young,___young______
your,___your_______
youth,___youth______
zeal,___zeal_______
zen,___ze_n_______
zest,___ze_st______
zinc,___zi_nc______
zing,___zi_ng______
zip,___zi_p_______
zit,___zi_t_______
zone,___zo_ne______
zoo,___zoo________
zounds,___zounds_____
